window_length_s,window_overlap,std_activity_threshold,mean_activity_threshold,acc_v_standing_threshold,sin_template_freq_hz,allowed_acc_v_change_per_window,min_gsd_duration_s,use_original_peak_detection,objective_val
4.084443440871048,0.24674783189293106,2.796910002727695,0.1937003158929742,-1.083344942928175,1.8997742423620263,0.9184978380068453,4.003377500251197,True,10000.0
3.4289981282698383,0.14512926322168024,2.2199877226682485,0.8771054180315008,-9.984424683179713,9.929904033620959,1.2349630575072823,6.504878444394529,True,10000.0
0.6037809126863709,0.5198197282067114,-1.001390282847444,-0.9066686735727691,9.475110376829189,3.0949420638727387,0.18121296000499817,6.5654740839977865,True,10000.0
4.924538986130548,0.473410314598384,3.599404067363208,0.36061507717555963,-0.9900149606091375,1.1193846504387988,1.8844035171495304,6.069593960609854,True,10000.0
0.5718481349909639,0.2847150604977192,-2.589745339739882,0.36652703765091665,2.1999331556524204,8.498754205625481,0.34672938967907885,4.519545468159168,True,10000.0
3.899126346429437,0.4401246995929958,-2.920583371318111,0.13540065563998316,-9.373734150888827,8.58056297135499,0.8995083217641181,4.556352124016331,False,10000.0
3.7727239813538946,0.3612326150446684,0.7044397440539951,0.04166852005164756,9.223440486986988,8.600804638103366,1.494640245542751,5.857229191501719,False,10000.0
4.843648882688622,0.5856273981493478,-2.240008179774566,-0.4074529885918351,-6.69466121873995,1.1407276606707455,0.8468030190725914,4.553933663580128,True,1479.06
0.56335920221788,0.25907392327104417,2.113419527486501,0.5803510810624117,2.1191994956202294,9.336707906620143,1.3021540858961866,9.234637079894028,False,10000.0
2.522528033621916,0.1763280931923291,-1.291817478017336,0.3376825053272148,3.3184471323499345,6.321680089369545,0.5494436585079491,6.051190832629311,True,10000.0
4.872704429250968,0.7791310594128673,2.217295211648733,-0.5280301605020884,-4.878633544773519,1.3639023058458821,1.421325808305286,1.9980173873064822,True,7164.674285714286
1.407736410509283,0.8166108765388157,-0.2462977681788816,0.12655114395276756,3.910321728522552,2.2539830896528814,1.2088347981138967,5.858569821715059,True,10000.0
4.742841067510915,0.579092373190829,1.9478493303970463,0.7609356780305159,2.4870809626758668,3.6607031725394266,0.21098860911111528,5.108811134346193,True,10000.0
2.374294765416648,0.8066242071350949,-1.7565497899472597,-0.7558240905986533,-2.8740432384605006,9.161455973911789,0.5442645715560457,6.829211084872262,True,1483.3714285714286
2.086559853503761,0.3438250065264233,-3.3534414685705825,0.06817883875088415,-0.3034005728203333,7.231924296012434,0.5388247406558097,3.197129700229968,True,10000.0
1.4844389880788165,0.546481601613873,-0.9616382894195912,-0.8702155057820369,-4.921691721313105,3.2218845655474113,1.3926085760491496,7.410435309319979,True,1467.7428571428572
4.98983218272024,0.31342481142022804,4.766149558326532,-0.17792597336353722,-9.338985341989032,4.105641232240147,1.2687027259675934,7.126349063992902,False,10000.0
2.5150242405789127,0.5423144712570624,0.9269672387939369,-0.8382933473345695,-2.6069108787719095,3.1794394444968335,1.6062795324458166,5.232705710014347,False,1518.4971428571428
2.2947099910004893,0.7531454985755074,2.9834512498455137,-0.6985649120691411,0.16397553481437654,7.262315261117938,1.7167176237915596,3.9336301468169634,True,8580.345714285713
3.7001728959710807,0.7476008369117725,-1.5133401270827056,-0.8076468978171585,8.810465289792084,4.578148189787702,1.0355027492798254,8.539390953165954,False,4322.457142857143
3.808472536583475,0.267257296590171,0.4144797382756593,0.3915687986901646,-5.428999564054005,2.574594343863426,1.9643366884420372,5.649723021439129,True,10000.0
4.98314164891066,0.8723354810310351,0.5829345360709768,0.7652726863786798,-6.2258578331724115,3.509842173329637,1.40071568990976,8.619950280144755,False,10000.0
2.3202865720498558,0.810216079008768,3.5092844876751297,0.8712699884418955,5.706813022278876,7.020894292428059,1.1613732848042475,4.350544899055688,False,10000.0
4.8814872653989285,0.3271367797899726,-1.9463613965560649,-0.02877249282754657,-1.0315171402750511,9.950117163497389,0.35185058776216555,1.1626782725396878,True,1520.9857142857143
1.3047021914959798,0.393175027666288,2.441705230565624,0.44187984850425877,-3.838784162952215,5.882862074994095,1.0176282027961125,6.72699356367306,True,10000.0
3.154418814022448,0.8831142866200075,-0.13257847040544757,0.8121975754371085,-1.3121126897914248,4.150705669252082,1.2902067595507938,7.020316536967898,False,10000.0
1.535833707086999,0.499354703907802,0.720041992091832,0.5371080286126184,-9.127924564911325,9.950954597176072,0.9398890809874346,3.5160430761708277,False,10000.0
3.8647344825383634,0.8624574776191628,-1.6924969532948624,0.10552993367098007,1.4458493834167676,9.822984253444414,0.15069260447763083,3.751273173584637,True,10000.0
1.708136856005706,0.4882238994210527,-1.2731313290595065,-0.21061706638105537,6.884262814526231,9.370151513297488,0.14083235465747473,2.880268458538242,False,1497.5571428571427
2.113910515832738,0.30333091925579103,-2.047094115810612,-0.35489847152279885,6.973395898493493,2.22959198297826,1.4178220229291378,5.975379792171171,True,1454.0257142857142
5.0,0.3560655759456691,-2.762831623119484,-0.08447946808851625,0.7615279507613373,10.0,0.03868365341185868,1.0,True,1534.1285714285714
1.4297226178393387,0.547096010883875,-0.2596621526677243,-0.8674984075633958,-6.761045953290625,3.3250016491858143,1.4526391518769988,6.859111745751765,True,1461.3171428571427
5.0,0.33490562057824846,-2.0782545637049687,-0.0418915084761704,-0.8823972448246504,10.0,0.2874348300984369,1.0,True,1521.8314285714284
1.634224182624021,0.5234831402119415,-0.009011600472227599,-0.8617894662769678,-6.448660501245643,3.169354441751499,1.5347804181060258,6.239136232181286,True,1457.0228571428572
3.1172027194851535,0.14566461821622168,-3.6276782210827303,-0.7511942104549512,-2.7200338515093687,4.8450307220477065,0.5019014406000465,3.7568345808061125,True,1451.5114285714285
1.9484200125228972,0.34437285696638786,-3.0626358635251996,-0.3578475731525159,7.202983154653488,2.0382508033107296,1.3827828793313224,6.915369775178738,True,1457.6942857142858
1.6665537743100567,0.4894541561965714,-1.7321266533670023,-0.2097559546673864,7.7498062609432345,9.770425808875785,0.061671563126923255,2.304602010578903,False,2962.2714285714287
1.4607367236043487,0.4276347300767286,-0.3723896760501031,-0.21085315136825367,2.251154816944492,3.209094196602372,0.16933117815871887,1.0307153851687663,False,1475.6657142857143
4.528179481102687,0.7518523918447574,-4.920891461041799,-0.17647204257250204,10.0,10.0,0.36461893845370635,10.0,True,10000.0
2.847779063301546,0.8582138324654303,-1.5938274597755675,-0.3720354878008355,6.652669225882629,1.426394325791726,1.1789008265744365,5.616930780159733,False,1480.9457142857143
4.640303024482228,0.44611600637373683,-1.9025075489332672,-0.0644137876985873,-0.6804504526396133,7.616111737242978,0.47934322491687564,1.0,True,1489.2342857142855
1.8570554224384763,0.2976674275186306,-0.6728708714576488,-0.2277292909792602,4.357814974007718,8.033821568092556,1.0984258169753771,3.152996329317731,False,1489.7942857142857
2.4386483808249175,0.4887825201018361,-0.3843834157103929,-0.8499687090598924,-5.603707728407585,3.196133401818786,1.9775790423281445,6.2632225284626495,False,1483.3342857142857
2.571385529726832,0.4679334984687139,0.4586698324088134,-0.836752590643411,-3.9339857126384086,3.680813588503793,1.4877388939246867,5.366989207227583,False,1464.422857142857
2.3068479284744594,0.6248588903033474,-2.7983020810113857,-0.37404436894762216,6.444156279239337,6.7438501291113475,1.406261237681136,6.287100447498417,True,1462.6885714285713
2.245360159561818,0.4316565821436382,-1.6959212280185132,-0.07134945939167592,-0.6765079156333513,5.14322569365104,1.2753178843875612,1.0,False,1457.8742857142859
4.245974456794033,0.7152200282026889,-3.854225452758053,-0.7524280260046295,-2.902465659577297,8.338213302278776,0.35461929379914575,3.799702866899503,True,1469.02
0.5609392968361453,0.6063597241972772,1.2743771825926267,-0.21150155076768706,6.319774105502923,9.281331164253999,0.5536956023321821,2.5499340376721724,True,8587.142857142857
4.372957787663919,0.1572582368947627,-0.9787460149595679,-0.22536728811540085,5.345637444753596,5.665990103247752,1.024928953137541,3.0691180019243354,False,1461.0885714285716
1.9578139790044289,0.28393130063602096,-1.1163957569469005,-0.210977722049558,6.347932553252058,7.506761519682458,0.4936401108156617,2.046190531419233,False,1489.1028571428571
1.5300636710977549,0.45954296796524385,-0.8286478268206663,-0.21016213446137189,4.139068989356652,5.06180808208884,0.11256809004640211,2.5872875438569753,False,1463.2885714285715
1.591881362098111,0.3777164603056541,-0.8058971892228524,-0.2128393306319134,3.683523878209325,5.2288199960384745,0.26474092516614184,1.8698308739342944,False,1477.2514285714285
1.7069404815678388,0.6031659466814847,-0.9028026411811227,-0.8632681454848966,-5.733741425810582,3.170318359163306,1.5530240347927093,7.3754286645876155,True,1457.462857142857
0.9799516899528868,0.6960731591375006,-0.9577347014266726,-0.21544791971608157,5.980989193575674,10.0,0.07283338767115762,4.610645213461572,False,1518.4885714285715
3.829072551814682,0.24534028827011245,-0.6024553218180904,-0.2113034766177665,2.0963763425129027,6.41551261207992,0.4745691042254028,2.8390915274578488,False,1457.3771428571429
2.018895599625003,0.13186138527945146,-1.8525897868442112,-0.04866240368220476,-1.2695290739919685,9.488479211167087,0.4892018149545083,3.8819016792483225,False,1493.4057142857143
3.0257261235028396,0.8329750744375629,0.5944422168738495,-0.8484175194195303,-4.481235289735154,4.9969135133801625,0.45418489225525255,5.725386624341251,True,1467.8285714285714
5.0,0.28896994196065456,-2.3785002274041385,-0.07798259767681293,0.11273560263352067,4.108371773393884,0.4868982447005891,1.0,False,1463.2857142857142
2.7770879790315814,0.44485418542648947,-1.7814453713072034,-0.360064717350307,6.598793359686809,1.0,1.5168630216615087,6.475310415264985,False,1471.2942857142857
2.385857884465131,0.1,-0.5677810740882041,-0.21204900011277783,1.6913993696677672,1.7971661006918627,0.7942937008587547,1.0,True,1452.4657142857143
2.2102006865652797,0.8120385670586764,-2.9606187394820886,-0.3656557610715824,6.958116302914405,5.435175140570152,0.9335313622182716,5.710615894070201,True,1459.3085714285714
5.0,0.9,-1.6239135109754566,-0.07352249117116427,-0.0159193962353541,1.3205386091735658,1.8176790404295011,1.0,True,1481.662857142857
1.3598630802883496,0.7453516491849718,-0.524826345984529,-0.2134121462684112,1.9016836919152276,4.755487216532365,0.34431573376566327,3.521556340197333,False,1465.08
3.803149399466788,0.1,-2.551699698988101,-0.0823061768343537,0.07962804932509471,8.363424501849689,1e-07,1.0,True,10000.0
4.711890505274542,0.573601781025491,-1.8400421965992764,-0.07360178636242942,-0.6433565262585663,6.342045091370748,0.7893380566949809,1.0579100332320068,True,1463.0657142857142
2.1205585950465764,0.6849552382224268,-1.6420098018294613,-0.08399336736283525,-1.4381207014073247,5.1880268609095985,0.6269927655559753,6.430591522451882,False,1458.0542857142857
2.125414943159053,0.3812320797483272,-2.9240302520920505,-0.39003630289100255,6.398304972330642,6.259554009794998,0.21344475724580872,6.441035659126222,True,1477.6571428571428
4.802346584468498,0.5288237983171162,-1.773917054112787,-0.0874597440465138,-0.6368118725094369,2.10692064855378,0.24669404539939618,1.0,True,1465.3
1.7341126621474965,0.23904732681385732,-1.072021350379937,-0.21909663191053896,6.530749768082472,8.517129021146808,0.41688038390080856,1.825987066317929,True,1526.1000000000001
1.7248168387374951,0.7075233489798676,-1.1670538089079896,-0.212362083386193,6.4183367889974186,8.906197365955798,0.4362204371678415,3.408851119060394,False,1479.3942857142858
2.1940340911170484,0.37330367554733224,-2.035445243245654,-0.3604098827017229,6.707799089803025,9.210871789112195,1.2961051064015001,5.65218977798694,True,2928.28
2.191249569441587,0.6087842979003059,-2.8141109792220003,-0.38264114137308847,6.453134545471599,1.234899095620108,1.6588058074798606,6.808948140934082,False,1464.4114285714284
2.093346104745816,0.4476104989374875,-1.6463395946902293,-0.07783233684179836,-1.2157581932924124,8.062428982030823,0.1562775786431284,7.686588457671793,True,1530.9257142857143
4.811214890779466,0.6311020869578994,-1.8283924121574264,-0.08085278845718658,-0.872770927231425,9.163733929905908,1.0701152611260185,2.1945259005433013,True,1513.02
2.158763278129048,0.23018022520047082,-1.6731686433452526,-0.07615070111204514,-1.0434006551198252,6.258031648588004,0.7483139241112994,1.6617549112658572,False,1453.8771428571429
1.5458810999491464,0.5694871821730664,-0.43634267886488587,-0.22608376375780748,2.4038449982864307,3.4510416504296537,0.25154901502464116,1.7688849755463778,False,1458.6142857142856
3.8482833052503027,0.64890028466095,-0.632201852465915,-0.22482181977196303,1.9605848345837433,5.880897695669472,1.5935130675781595,5.581569418988978,False,1466.18
1.5535489821099513,0.16828417820469216,-0.9210243942529202,-0.8666164774180657,-5.954772230459771,3.1642765071197463,1.642136907385123,3.7031994022717165,False,1450.8485714285714
2.108021197724381,0.6680351912538115,-1.2310436789387964,-0.21824132952606623,6.691966303902724,1.0,0.5965735867979001,8.496128717463247,True,2898.1428571428573
1.9003389582892356,0.27915965412974286,-1.0443963066695043,-0.20551360295648569,6.11452715289667,9.101507306118998,0.3958687662575266,6.982083311421642,False,1489.1571428571428
2.1484718964653267,0.17158284533169113,-2.1219334805871872,-0.36533651212578644,6.7000819928290944,1.0,0.365595211897352,4.619118953760671,False,1511.7285714285715
2.2132056483390166,0.7794300504637205,-2.8938247920844287,-0.3814750328430243,6.551656238947629,3.7056579126532236,1.7285542022446603,6.444388269731928,True,1471.5828571428572
2.620049546920605,0.46124407607607043,0.6422684784487611,-0.8531246488024544,-4.314579743448581,3.2684900187156867,1.0246381585658306,5.585790495416432,True,1488.78
1.7690116424201316,0.4187948339873315,-1.0306186483732764,-0.2105744697993478,5.9067839413748295,9.043563890313193,0.4412256767439858,1.0,False,1541.9885714285715
2.390735556765043,0.5845651582107575,-0.5432399841222519,-0.21518117874013232,1.3550836661068466,2.5765704245104666,0.9899249547113543,1.7782455470082477,True,1475.8942857142858
2.1629574948618373,0.6590349497891379,-1.6426940406259751,-0.0707562072841239,-1.2388372756719122,4.508611834593541,1.833100942638476,3.015034974498591,True,1463.8942857142858
1.9818017359918711,0.3867986455275394,-2.942054312365906,-0.36745918181768744,6.928730328479887,1.4958528858932354,1.1359519523508999,1.5132063052595375,True,1464.4885714285715
4.10221078695635,0.4102004767238008,-3.7707324252490184,-0.7523166838587325,-4.079457064353233,7.879386450204347,1.1291184179435452,4.475663598914137,False,1466.837142857143
1.4112851354472715,0.3126354977719449,-0.7951128228823725,-0.2098878219918533,4.000137666856109,5.269481493323799,0.2518009338885539,3.360990194066046,False,1455.457142857143
2.1725091878543297,0.7724404522896735,-1.6774101066695,-0.07507377756481803,-1.3774761296675404,4.734616100837677,1.7339628322845733,6.541551449655511,False,1466.8799999999999
2.3657084672328113,0.6277727737191203,-2.7974051185255617,-0.3765417721186918,6.765158436243933,5.680456902759382,1.6965460949292095,5.474910264623266,True,1457.98
2.365477715069031,0.2780115825349484,-0.269576281466021,-0.836778892826503,-4.151469603731067,4.652821709525323,1.044205108903809,8.716655387500236,True,1457.98
2.2346235340319924,0.3512688904658572,-2.895800081067569,-0.37387678662665913,6.527657151670926,6.005664952922381,0.24040619752597692,8.192589374606275,True,1464.58
2.2911206664713246,0.29165232603342983,-1.780809750964159,-0.7773419705774437,-4.289685931337795,8.221652932087213,1.9604559420689762,8.212586553964032,True,1513.922857142857
4.297869432458893,0.10207933779092102,-0.9611252529426224,-0.21673473668164245,4.468306332126259,5.218108267513068,0.1596643945862178,2.9384511835267797,True,1458.8914285714286
2.0982721463809053,0.7607371670037952,-3.045221715150582,-0.37730965441780673,7.255361040851536,5.740704522068704,1.853503732345266,7.7958673853084814,False,1458.0571428571427
1.485670975292304,0.8298843904010081,-0.2873173007843448,-0.8660376805110503,-7.132509096768665,3.406730726308462,1.2980579636727614,6.142665640418178,True,1473.1742857142856
2.5777496645765896,0.43745957422018555,0.47185756729133566,-0.8267061839260976,-2.1630187852864022,3.8483157251519784,0.27383173281852435,8.358055729548756,False,1460.94
1.5857431622546945,0.25415403110528556,-0.9565804523658059,-0.8664188045602129,4.311781060001804,3.1933894016153426,1.9837584129416055,1.4232584387245812,True,1468.92
5.0,0.8845222822701513,-2.4377364118964935,-0.06452582106682125,7.364038588707878,9.245912420370972,1.7448701182119353,1.2265132539845547,False,1483.6828571428573
1.5669054077571345,0.7434145589407254,0.058446383284032066,-0.864004541414226,3.8767669782737624,2.8517124478316562,1.906420965306204,9.164487125870373,True,1456.56
2.4284264206232087,0.2550807622243074,-0.5075605676108434,-0.20479079274666756,3.979441653782448,1.2858501341318846,1.413930295064069,5.0675954403806305,False,1467.08
1.7292269165613887,0.11529475887550467,-1.1912866348426898,-0.1954772701916938,0.7278922066755342,8.65919470298004,0.8372785728992765,1.0,False,1511.5942857142857
3.117549543595725,0.3481366697391699,-3.637177595263002,-0.7493624542188309,-4.800637644133192,5.139210898722509,0.6971601853370586,5.704170461850686,True,1459.097142857143
2.315774406451732,0.1,0.4035877994492658,-0.8393901234135174,-10.0,3.957063536448607,0.6296366924816048,7.705451503240261,False,1453.702857142857
2.207927503290957,0.5745074078515654,-2.6688087610533686,-0.3613339768663788,-0.34682104233944955,2.60980856228318,2.0,7.900093870221248,True,1464.4657142857143
1.4738476274384529,0.7124071724104534,-0.7696757852919403,-0.21914202684950546,-3.7046131205525414,5.169546503946048,0.09010501050146062,3.1084840889102288,False,1464.0457142857142
1.9673316680715738,0.7265482643549608,-3.0985089203388423,-0.36608642747084463,4.0095897064407655,1.9771301762910922,1.39607721997212,2.351782052055219,True,1470.1028571428571
4.725715901962275,0.37148610836034035,-1.89491577606953,-0.06442600931611042,-6.094184543407853,8.367756507666364,0.040686503722209146,8.746205664084503,True,1526.4114285714284
4.661183933462145,0.7636382586135286,-1.7780951083530598,-0.0821097158044195,10.0,6.842116277881154,1.88596882736446,1.0,True,10000.0
4.356572960029707,0.5240847996008683,-0.949313980034737,-0.23208052262805345,4.828524888329863,5.539867630114129,0.22469984700426507,1.3336152377130601,False,1467.0942857142857
4.6901137708330385,0.5145837504314562,-1.8047637045416436,-0.0673612518853024,-1.4523450977753853,5.882274342967609,0.8682030123532577,5.724039649036114,True,1464.5485714285714
1.6529228730827834,0.23888440551213647,-0.9397308721898829,-0.8629095395064406,3.7684317274308494,3.2283284113167188,0.43572637079908677,1.0927212000403563,True,1477.0085714285713
1.6146144406343415,0.6740183248230609,0.05778480840954536,-0.8622454816029116,3.3732192058579553,2.915723633457129,1.8350158038204654,3.69782407141376,True,1457.2285714285715
5.0,0.32385186629339313,-2.522316126566128,-0.0668555303231938,6.35659520659744,9.60267608262454,0.9220921203238794,5.256534804352311,True,1532.5657142857142
2.109579023533512,0.3600753506291189,-2.029030958245299,-0.3519318537355629,6.9559384533190105,1.0,1.5457773155132655,3.1154524694129617,False,1486.3942857142858
3.7854206549314755,0.3078327413622502,-0.653833224603777,-0.21990440812192769,2.4972891123668646,6.019244310035442,1.3044433661267134,5.0698192858123505,True,1462.1971428571428
4.359998311190841,0.3233775796923434,-0.9477407887694769,-0.23405758407127708,4.846798308543432,5.541526988661691,1.3006402767937317,2.890350829618174,False,1463.7114285714285
2.2178373693540614,0.546989114847192,-2.7289795021226566,-0.37417540910068603,6.260166470849683,2.2342194817407774,1.0185866725908057,2.796650459245024,True,1473.4114285714284
2.406374972156108,0.7663717730133149,-0.18081302443882308,-0.8308024464862749,-5.276015261271546,5.033122283078546,1.8717170655936641,2.342040702891077,False,1469.4599999999998
1.3787471765010904,0.16753701889733047,-0.7573237929732652,-0.2220374673071105,-2.869295974520357,4.049655836842377,1.958468296330463,2.2620763489617906,True,1461.0742857142857
4.906092220912207,0.25490619133801246,-1.7409397942961742,-0.09143497962365987,-0.9854024386930327,1.0,1.3595159329899877,7.262659410951842,False,1470.2114285714285
4.9052969145386065,0.3410127541462653,-2.4039255998198468,-0.41652332833056294,-6.33471589712963,2.361047019195297,0.17822218979393023,5.006673264186317,False,1469.6514285714286
2.660537401783831,0.500084588095976,-2.803274522501875,-0.6144132254455661,-2.926084644151321,3.9575398795873387,1.0506765446146085,9.471777541747159,True,1472.76
2.802769602124403,0.5378777597999916,-1.7397186066703267,-0.3761455395319142,6.469074043947856,1.0,1.675953925425575,6.648982888401792,True,1464.2371428571428
2.4239745736898004,0.7866786562332319,-0.5102704873643047,-0.21419538639082447,3.2769156954201684,2.472391613826601,1.8768576511312747,7.138220073925989,False,1479.2257142857143
3.8114081692255732,0.43821427304438687,-0.6537920032298468,-0.21501935690135943,1.9370685686584963,5.506879877513418,0.9698425380617169,6.407239632204098,False,1471.8428571428572
2.127794586880278,0.4874823500622213,-2.7761329360311824,-0.3859026959510544,0.21537159512672233,2.2858957208999393,1.829239044343569,9.673427395665255,False,1472.5685714285714
5.0,0.492029805143682,-2.610651939672378,-0.10833553992078349,-0.6400401617988187,10.0,1.2084942569279304,7.186749779110218,True,1512.037142857143
2.198389583773204,0.4507551223483163,-1.6700798918279958,-0.08370481470697011,-0.6212484836252745,4.943512927202068,0.2554312300247697,3.314660636803916,False,1456.4771428571428
3.1156326971224093,0.5540783708292824,-3.6115382099388738,-0.7531628367830745,-3.358249878131682,5.094245620745688,0.11375077156358736,5.324658747957558,True,1454.6657142857143
1.2748711487668438,0.28024400235498426,-0.951982219992864,-0.21805571581465444,4.769976290045381,6.3323587531373535,0.7407553945972046,1.3797498851340766,False,5787.634285714286
1.4338339244538587,0.2664451510839395,-0.702557959695894,-0.2171699438408633,3.297004857526524,3.8820484230952754,1.5005552166977953,3.096880989552417,True,1457.5028571428572
1.4187323926062128,0.4370742263806402,-0.6062136798014786,-0.21545882946499195,2.9654541684605427,5.692100550133604,1.7930219089802109,3.9454873950097333,False,1457.1971428571428
2.1128648298032155,0.5081855011176553,-2.2500554564355006,-0.37384143051141705,6.455775173274837,1.0,0.47801314059381594,6.522707686239555,False,1499.1485714285716
2.289258109350731,0.12594900962925237,-2.8964300883301606,-0.37506057503836043,6.343070446738768,3.8653344223907498,0.02104625596514383,7.84242331497553,True,2954.022857142857
4.7068749243500925,0.2970267161947219,-1.8525618328960713,-0.0850235018790394,-2.603792783971894,7.286249163637034,0.7482807454785342,9.268067560819345,True,1503.1657142857143
2.0582766610632732,0.48874271958917215,-2.2853356712440127,-0.36355130686708315,6.4537096959326306,6.191370869319002,0.6160149306246614,5.180329894557264,False,1461.5828571428572
1.4382829225091642,0.6333407666688778,-0.5313239044133198,-0.22568324878882573,2.0934265446907965,4.755474384454579,0.44664897870485964,7.301273487197564,True,1461.84
3.8186502583763495,0.3622742257604893,-0.5415289200320279,-0.24517597748423492,2.0071485345233704,5.72674678325509,1.1282173176518238,5.702716107648271,True,1461.3314285714284
2.1565775337887687,0.21164596160448942,-1.5582186127292856,-0.10307563536169939,-1.1717541466247159,6.230704837209908,1.6204315401138893,2.230097803481648,True,1467.1257142857141
2.312852123407432,0.20400771646653118,-2.719524594190726,-0.3744645979861163,6.427114923338031,8.38436887779287,0.7741439694006358,3.688752491029982,True,1508.2914285714287
2.1909229253515656,0.7625811281994074,-2.81628968618274,-0.3756703216536411,6.623982375937771,4.556041679273548,1.799983775429624,3.681685626661959,False,1461.9057142857143
2.3577565476354283,0.9,-2.6918525312283608,-0.37671911452754314,6.658493324350879,9.95079923472351,1.0535241242814668,1.4996968344831294,False,1478.1914285714286
0.9243928072157039,0.45645243387912193,-0.8991007161586184,-0.2221678029056292,5.6136735414657135,10.0,0.8733376070412702,5.432822050478798,True,8585.648571428572
2.0627594623829895,0.7374556517863374,-2.1179020463215927,-0.35324423892359313,0.06672332211957155,1.2294502948021824,1.4366214081397974,8.85234109815745,True,1469.7628571428572
1.4671141371909346,0.2771144641527365,-0.660115192682829,-0.22371908791872586,5.075983638838979,4.014162398047315,1.570300885683119,9.616101378612951,False,1465.0542857142857
2.0480088484467314,0.5505233294828679,-1.6880743476303364,-0.0766780701975669,1.9456928110557463,8.475199356052698,0.5052180715468352,8.017622808113344,False,1477.8542857142857
5.0,0.5109814002347949,-1.7475491523070277,-0.08235224747021208,-2.3956329779433974,1.0,1.3755153552365633,7.188057908150402,False,1471.5142857142857
1.4864649494256108,0.19590541424921049,-0.6569522902508034,-0.23349267573420285,3.0483713338404677,2.458079804255351,1.6215853571874208,7.384413091725258,True,1461.4257142857143
